{
  "data": {
    "search": {
      "issueCount": 1,
      "edges": [
        {
          "node": {
            "number": 1,
            "url": "https://github.com/owner/repo/pull/1",
            "state": "MERGED",
            "headRefName": "main",
            "commits": {
              "nodes": [
                {
                  "commit": {
                    "oid": "6ebe3d30d23531af56bd23b5a098d3ccae2a534a"
                  }
                }
              ]
            },
            "author": {
              "login": "owner"
            }
          }
        }
      ]
    }
  }
}